F1,F2
154059098.4661132,65698.07359492447
137714267.20010602,97905.79594906603
116757774.64098775,161769.93151732875
131657755.37466818,116128.22787704854
154059098.4661132,65698.07359492447
116757774.64098775,161769.93151732875
131657755.37466818,116128.22787704854
134519086.8183198,86299.76589849396
147088894.10517234,67519.65367193092
154059098.4661132,65698.07359492447
116757774.64098775,161769.93151732875
131657755.37466818,116128.22787704854
145108004.30097735,67318.61745353235
106993110.23219293,171942.23977015936
132029927.40227401,86139.44627466748
116757774.64098775,161769.93151732875
131657755.37466818,116128.22787704854
106993110.23219293,171942.23977015936
132029927.40227401,86139.44627466748
142082775.66547382,52019.4326094653
117940686.39668655,158874.69264574227
138816003.4243493,85222.30014905763
103844399.08579743,173840.13855551693
131642771.60091925,116128.27272052964
106993110.23219293,171942.23977015936
103844399.08579743,173840.13855551693
128408941.19782329,85830.36314713105
116006005.28153187,138404.1117520498
139156496.09714,50503.50417397827
115694598.22250926,161703.49404536854
138720152.19553554,85209.22860345882
128408941.19782329,85830.36314713105
116006005.28153187,138404.1117520498
129560580.49981916,72984.80020870818
101474595.30702728,161902.44401693478
121119039.90769601,95906.01408027162
101841389.32272315,157664.58091810683
138745529.13131064,50481.14542778683
116006005.28153187,138404.1117520498
129560580.49981916,72984.80020870818
101474595.30702728,161902.44401693478
121119039.90769601,95906.01408027162
101841389.32272315,157664.58091810683
138745529.13131064,50481.14542778683
110292003.25504887,156244.6526863701
118088237.59398413,96757.23606004729
130016887.63153762,50619.18262679796
126689639.27151525,73043.42232333992
138745529.13131064,50481.14542778683
101474595.30702728,161902.44401693478
115305303.84447789,138356.8308770028
125685207.98156893,68956.52010114217
103710504.27020746,155544.00913871333
118088237.59398413,96757.23606004729
121119039.90769601,95906.01408027162
129918411.98464549,50639.399624839105
130016887.63153762,50619.18262679796
101841389.32272315,157664.58091810683
138745529.13131064,50481.14542778683
99177514.1399461,161924.16498880586
107719149.7134257,83600.44837266472
104287051.92830813,137505.70060295428
125685207.98156893,68956.52010114217
129743883.20553493,68943.16108949241
130016887.63153762,50619.18262679796
103797116.40439737,152776.45661492585
129918411.98464549,50639.399624839105
101841389.32272315,157664.58091810683
99177514.1399461,161924.16498880586
107719149.7134257,83600.44837266472
103579121.02093214,150273.6610740713
104280902.22221553,137505.32557564718
123068113.92638099,48958.311756807336
100714261.63000429,156493.7738831559
107719149.7134257,83600.44837266472
104280902.22221553,137505.32557564718
123068113.92638099,48958.311756807336
103511936.24159515,138208.98674060655
119506444.02745658,68560.63498253573
123919805.01054054,48843.51592816775
93516496.5364008,156304.1809301944
119506444.02745658,68560.63498253573
113487006.92634624,69750.47717293171
92827662.73754317,136814.72701928852
121276397.26152515,48524.62822355375
98700583.50728393,136597.75918979332
103548527.65868092,83288.84949501205
113487006.92634624,69750.47717293171
92827662.73754317,136814.72701928852
121276397.26152515,48524.62822355375
115995808.29193407,67783.16702473891
98687451.49357468,136561.34420149622
118349181.99942535,67629.37027830686
91884986.13858771,139376.78473852528
103548258.07084566,83288.82895419933
89486335.7602688,156139.9984388362
89278802.1468957,156088.21337075578
121276397.26152515,48524.62822355375
103548258.07084566,83288.82895419933
98687451.49357468,136561.34420149622
106712897.76175737,69880.40047231401
116691274.12299103,67509.31659764927
113487006.92634624,69750.47717293171
91884986.13858771,139376.78473852528
89696540.8801843,155996.9989365198
95526545.46197504,136601.52001132228
121276397.26152515,48524.62822355375
103548258.07084566,83288.82895419933
98687451.49357468,136561.34420149622
91884986.13858771,139376.78473852528
95526545.46197504,136601.52001132228
91756460.11897588,140914.22158363945
104808503.36784899,69737.95667142708
110473185.5997532,65671.81221809002
87420000.84514916,152550.42117026215
121276397.26152515,48524.62822355375
103548258.07084566,83288.82895419933
104808503.36784899,69737.95667142708
87420000.84514916,152550.42117026215
90557416.70978987,138692.09245980455
91535218.7736122,133419.34078971355
110423760.50932801,65667.97279882705
90059329.22634095,140749.37022741363
157001361.57313913,48466.692127770046
87420000.84514916,152550.42117026215
103548258.07084566,83288.82895419933
91535218.7736122,133419.34078971355
121276397.26152515,48524.62822355375
110454215.86195344,65488.10460107816
121233387.54815233,48647.879828644516
90059329.22634095,140749.37022741363
104564544.89217663,69780.917734232
104808503.36784899,69737.95667142708
87420000.84514916,152550.42117026215
120178471.5929513,48432.639100645494
91535218.7736122,133419.34078971355
103299449.50228363,86291.07052173879
110454215.86195344,65488.10460107816
90059329.22634095,140749.37022741363
108343998.47548741,65530.77105562794
103548258.07084566,83288.82895419933
87624782.72526252,149299.47960591424
104564544.89217663,69780.917734232
91535218.7736122,133419.34078971355
103548258.07084566,83288.82895419933
104564544.89217663,69780.917734232
85414517.90809488,147475.21849149495
89755657.44680905,140726.64590418022
106389335.87107295,42468.00690881947
102429198.54288578,84669.82673773222
104251704.74341702,70981.7399288234
91535218.7736122,133419.34078971355
85414517.90809488,147475.21849149495
89755657.44680905,140726.64590418022
106389335.87107295,42468.00690881947
90952914.64109874,133472.5346277841
86088244.38936663,143949.56639992964
90561203.05298924,136024.51082849083
104110143.5918693,69729.05544084149
103145709.90652025,74715.61608749803
101245338.1124717,84514.77877344632
4651009179.472838,71756.78457781246
145131219.2978349,129724.27449000032
2035364083.291431,101654.17699887228
1605218835.3776894,128646.68670440464
4651009179.472838,71756.78457781246
145131219.2978349,129724.27449000032
343049728.2869394,101627.52441581621
4651009179.472838,71756.78457781246
145131219.2978349,129724.27449000032
4661834818.03565,69259.97377773485
231936484.98459718,82186.1816749796
3204689003.6942177,73558.11650214854
4651009179.472838,71756.78457781246
145131219.2978349,129724.27449000032
4661834818.03565,69259.97377773485
231936484.98459718,82186.1816749796
3204689003.6942177,73558.11650214854
145106772.94944283,129740.34382164902
4651506656.720978,71755.61731369322
4035887737.1709447,72508.82843037002
222499781.89275202,82193.06994834804
145106772.94944283,129740.34382164902
222499781.89275202,82193.06994834804
145117855.2256591,129627.16115677742
4655537917.677869,69102.25240578633
230512181.41914192,69918.32052293625
145106772.94944283,129740.34382164902
222499781.89275202,82193.06994834804
145117855.2256591,129627.16115677742
4655537917.677869,69102.25240578633
230512181.41914192,69918.32052293625
144530470.8177488,130687.24728315487
231159619.02223387,69221.92305137523
222509957.1598852,82187.39199952039
233283523.58230618,67861.55204408905
141831645.0499411,132876.34344892166
157544717.34180245,85276.04950430541
145434036.7010925,128276.68120074115
221979517.3546134,83407.8226098259
230512181.41914192,69918.32052293625
222509957.1598852,82187.39199952039
144530470.8177488,130687.24728315487
231159619.02223387,69221.92305137523
145117855.2256591,129627.16115677742
133458845.99950346,132986.0907758018
244537069.19957218,66345.56654584513
157544717.34180245,85276.04950430541
145535906.77590433,127102.73986780508
221979517.3546134,83407.8226098259
229969037.5072156,71624.45332714755
222509957.1598852,82187.39199952039
233283523.58230618,67861.55204408905
140345868.25222304,132668.87456406612
144530470.8177488,130687.24728315487
257531602.48683766,66325.51037042045
124542000.72286329,133027.69642419985
145535906.77590433,127102.73986780508
157544717.34180245,85276.04950430541
216557420.10010538,83885.9372672655
162877397.03824022,84796.09880427395
229969037.5072156,71624.45332714755
222509464.55273136,82186.32988206542
244537069.19957218,66345.56654584513
233001185.3066236,67804.68689687479
124542000.72286329,133027.69642419985
145535906.77590433,127102.73986780508
219278207.0899473,67460.3623705935
151099738.3511611,71996.75869550141
239405154.73893425,64819.97430311757
151099738.3511611,71996.75869550141
227749892.48913726,64871.21451714273
145462990.0548508,127096.30102988094
219123047.45805565,67438.64627544254
123813586.1665152,130249.13017525936
230432930.0076426,57787.67206015267
151099738.3511611,71996.75869550141
145462990.0548508,127096.30102988094
123813586.1665152,130249.13017525936
230432930.0076426,57787.67206015267
225897019.52984068,60134.26132119928
171659148.7932922,66099.32356448825
123835234.42111722,130248.08296908373
123813586.1665152,130249.13017525936
230432930.0076426,57787.67206015267
225897019.52984068,60134.26132119928
123835234.42111722,130248.08296908373
127573168.72056064,130078.66645222547
132289699.77041832,117152.52051701356
142884055.31307802,63069.419450731984
230432930.0076426,57787.67206015267
127573168.72056064,130078.66645222547
132289699.77041832,117152.52051701356
224195092.24078295,58010.57778336855
123758341.92554602,130233.76622535218
142870110.1188433,63068.594568527
154578202.62445882,58705.53268084345
142870110.1188433,63068.594568527
154578202.62445882,58705.53268084345
220729365.87554792,57628.0858690505
102860826.09664193,108794.06660785497
143257615.0984418,62960.6314930741
100529650.75887808,108590.1766188892
140224610.73028013,61261.085151079125
141007230.02461168,55760.91509861215
100529650.75887808,108590.1766188892
140224610.73028013,61261.085151079125
141007230.02461168,55760.91509861215
140881297.03396574,60017.28188869409
139176902.4269931,61953.34797073853
102789850.61158964,106661.28855142849
140997382.29414782,55768.23164295585
100616722.7796273,108148.75819101355
100529650.75887808,108590.1766188892
141007230.02461168,55760.91509861215
139176902.4269931,61953.34797073853
140997382.29414782,55768.23164295585
100616722.7796273,108148.75819101355
102079936.01646647,105002.39630506848
188549419.15486047,49313.104336779455
139748103.75086817,57080.93563790395
188549419.15486047,49313.104336779455
120655119.34722611,51087.30905567099
100401007.14909837,101729.55478362537
100223028.33380565,108136.84291530498
120655119.34722611,51087.30905567099
100401007.14909837,101729.55478362537
100223028.33380565,108136.84291530498
127649234.84540018,48734.93208188044
100175003.39020881,108147.03463737879
4514774934.234918,53529.82873080377
2966615.8718906045,88776.22936338805
1919379914.9464145,72499.67000179505
1463369805.2275038,87179.17428554522
4514774934.234918,53529.82873080377
2966615.8718906045,88776.22936338805
227291098.58340937,72485.58428293823
4514774934.234918,53529.82873080377
227291098.58340937,72485.58428293823
4530739345.866929,52912.46586401985
375506642.9191974,87621.59968084373
2884471349.2724953,59999.78329165493
254280229.76193208,72057.02129327387
4514774934.234918,53529.82873080377
4530739345.866929,52912.46586401985
375506642.9191974,87621.59968084373
2884471349.2724953,59999.78329165493
4781768979.345104,52765.74326224613
93911520.17249054,64881.75467671533
4283230379.6320543,58494.73916199586
374650909.0162867,87827.13389825964
4495648063.200451,58127.31067768816
4551929853.583287,52826.52090225836
4807628344.529817,52638.13354233123
364883108.5047314,71741.15318156201
113966002.92995495,58975.83042601849
4283230379.6320543,58494.73916199586
93911520.17249054,64881.75467671533
4485007626.723231,57441.27727795784
4514774934.234918,53529.82873080377
4781768979.345104,52765.74326224613
4545361826.911136,52800.31018218007
4518415370.99349,53165.21958650711
364883108.5047314,71741.15318156201
93911520.17249054,64881.75467671533
100881176.24350405,58284.78621324749
355730426.499142,35759.14716006696
93911520.17249054,64881.75467671533
100881176.24350405,58284.78621324749
355730426.499142,35759.14716006696
361071430.0893109,70662.01999326826
355730426.499142,35759.14716006696
361071430.0893109,70662.01999326826
371565054.029904,69443.00172230086
98784961.90153533,53820.65102568414
93906909.51866823,64618.62173061434
355730426.499142,35759.14716006696
5489113.9831036925,38993.04128050713
106589434.91617519,36170.38116814217
358552845.86812943,68694.2015263288
5489113.9831036925,38993.04128050713
106589434.91617519,36170.38116814217
358552845.86812943,68694.2015263288
115923937.8426938,33478.702173888014
359137077.17053723,68465.6557582029
5489113.9831036925,38993.04128050713
106589434.91617519,36170.38116814217
359137077.17053723,68465.6557582029
115867508.80620158,33476.61926630132
358275214.1271712,68612.91237802527
107073493.44288903,35816.780349432694
369678122.9131414,68352.57196774737
4097854.1001212597,34483.158378504166
357912666.48303497,63966.39806395404
111574433.6646319,32104.90499335561
357912666.48303497,63966.39806395404
111574433.6646319,32104.90499335561
100718566.8520394,32181.257146406235
382157127.6350862,34147.43815469842
382157127.6350862,34147.43815469842
111550207.20065731,32063.149399431575
100016995.40949625,32171.26890387109
357900873.2796795,63961.50568747389
382157127.6350862,34147.43815469842
111550207.20065731,32063.149399431575
382498143.86005443,34126.12436947955
111295126.87618029,32089.259231828313
98765894.27913266,32111.31184678398
354986144.4394661,63889.82366672394
88795133.3074227,32164.70960181046
382157127.6350862,34147.43815469842
382498143.86005443,34126.12436947955
98765894.27913266,32111.31184678398
354986144.4394661,63889.82366672394
88795133.3074227,32164.70960181046
2231215.8921191096,33377.12814347282
105718130.32676595,31891.892562302717
356464376.1872496,63606.6240243197
105718130.32676595,31891.892562302717
356464376.1872496,63606.6240243197
381659912.6663473,33299.71707188166
380271381.931029,34264.19440371044
354965044.9067847,63887.66021772165
78714789.58387232,32060.579775710663
5025258.338439822,33241.18516900982
354773127.4305014,64536.82608434642
109608711.62465149,31832.142182697342
375950855.90407884,33825.12357554513
356464376.1872496,63606.6240243197
78714789.58387232,32060.579775710663
5025258.338439822,33241.18516900982
105718130.32676595,31891.892562302717
381482181.3612131,33410.16626009584
381659912.6663473,33299.71707188166
354965044.9067847,63887.66021772165
354773127.4305014,64536.82608434642
109608711.62465149,31832.142182697342
375950855.90407884,33825.12357554513
78714789.58387232,32060.579775710663
105718130.32676595,31891.892562302717
354965044.9067847,63887.66021772165
377143843.9579337,32465.659624173706
356419386.04357487,63595.783893485044
109608711.62465149,31832.142182697342
375950855.90407884,33825.12357554513
78714789.58387232,32060.579775710663
105718130.32676595,31891.892562302717
354965044.9067847,63887.66021772165
377143843.9579337,32465.659624173706
356419386.04357487,63595.783893485044
354738816.254223,64516.40159677193
4609329004.483527,42190.78692700298
97726792.44849521,58574.868568358055
2000393843.2292578,55424.467269601286
3110978017.2696204,51866.00189413837
1555136461.9429834,55832.633873101004
4609329004.483527,42190.78692700298
97726792.44849521,58574.868568358055
3110978017.2696204,51866.00189413837
1342826982.759846,54568.83548624284
308372238.26974696,55410.20607528563
4625755044.092993,40285.58344793101
97726792.44849521,58574.868568358055
1642606277.6833053,39590.208414672
164123523.91240692,50534.79910785803
434979608.9298262,48442.21338056208
97726792.44849521,58574.868568358055
1642606277.6833053,39590.208414672
164123523.91240692,50534.79910785803
4612103777.8633,39364.21526077617
123510595.04477209,58471.67631810428
427738039.40415055,48179.05707538457
1639470760.552829,42174.3444091672
319653042.0486869,50058.92489932458
164123523.91240692,50534.79910785803
319653042.0486869,50058.92489932458
1388219487.168712,32822.36724623579
163792571.9539054,50883.16362383487
376532492.5523378,48063.72167068105
96316855.58578235,57720.354809627876
1388219487.168712,32822.36724623579
96316855.58578235,57720.354809627876
93608926.79831296,58311.34421435141
140424931.52503556,37487.42960639311
113303551.9279297,56904.54328096007
96316855.58578235,57720.354809627876
93608926.79831296,58311.34421435141
121281284.19929856,30750.42097626056
93019011.77069658,58315.481831792626
113271204.63226444,56902.67725266994
96316855.58578235,57720.354809627876
93608926.79831296,58311.34421435141
121281284.19929856,30750.42097626056
93019011.77069658,58315.481831792626
114706111.66824049,31144.0985201521
95562345.04346359,57727.72049692892
102637079.51463658,54538.40568771688
109982063.42105299,53449.98285571343
91939805.14212298,58602.16707776654
114706111.66824049,31144.0985201521
121279025.6942181,30747.024256813518
91345939.81320125,48234.21723075243
114706111.66824049,31144.0985201521
121279025.6942181,30747.024256813518
91345939.81320125,48234.21723075243
93687402.3273148,46765.064541123815
114741288.17925328,31118.916880671903
81817366.9504605,48498.31864104061
121279025.6942181,30747.024256813518
93687402.3273148,46765.064541123815
81817366.9504605,48498.31864104061
114661944.78518021,31117.967207037953
251240865.5752477,30676.637907234282
86249652.14011425,47115.05329034825
82429474.27558464,48202.80539473306
121279025.6942181,30747.024256813518
81817366.9504605,48498.31864104061
114661944.78518021,31117.967207037953
251240865.5752477,30676.637907234282
82429474.27558464,48202.80539473306
121303450.92156506,30739.284721332104
84073802.79796344,46525.21869383095
113082712.03590298,31163.717200529183
121279025.6942181,30747.024256813518
81817366.9504605,48498.31864104061
251240865.5752477,30676.637907234282
82429474.27558464,48202.80539473306
121303450.92156506,30739.284721332104
84073802.79796344,46525.21869383095
113082712.03590298,31163.717200529183
94972984.71106899,45016.39023286611
113574532.78478116,31074.655490333615
81817366.9504605,48498.31864104061
251240865.5752477,30676.637907234282
94880212.35269886,45012.451476461465
102522149.67147303,31286.205142102517
117862140.96998388,30726.652788395226
245182711.1200828,30702.259600546724
88676982.85692543,46462.1647426294
84073802.79796344,46525.21869383095
82429474.27558464,48202.80539473306
113082712.03590298,31163.717200529183
81817366.9504605,48498.31864104061
94880212.35269886,45012.451476461465
102522149.67147303,31286.205142102517
88676982.85692543,46462.1647426294
84073802.79796344,46525.21869383095
82429474.27558464,48202.80539473306
82462986.78833574,48202.622356365
83015561.18265945,46842.670628786516
82582237.29150891,48164.46382782321
102990452.2756738,29598.42223026801
81199266.27498585,48663.52331682428
95340237.37242407,29582.547070562498
84572063.47445643,42437.11584345753
84073802.79796344,46525.21869383095
83015561.18265945,46842.670628786516
82582237.29150891,48164.46382782321
83317370.14628798,46581.97577586984
81817366.9504605,48498.31864104061
81840333.59858656,48360.15377792967
82429474.27558464,48202.80539473306
95340237.37242407,29582.547070562498
84572063.47445643,42437.11584345753
84073802.79796344,46525.21869383095
83015561.18265945,46842.670628786516
82582237.29150891,48164.46382782321
83317370.14628798,46581.97577586984
80043417.30181819,48217.566013675954
84099794.01840973,46511.02144460109
82554917.21437174,48175.462536996594
82126084.13158464,48179.28957063606
95340237.37242407,29582.547070562498
82126084.13158464,48179.28957063606
79797981.26451153,48200.980233021495
82813222.06211185,43604.10476694978
84571803.03068751,42437.09886815818
82300358.3223651,48161.57804004409
95340237.37242407,29582.547070562498
73857185.732611,40364.58092405329
65355954.64809221,44423.28101338136
95340237.37242407,29582.547070562498
73857185.732611,40364.58092405329
65355954.64809221,44423.28101338136
65263481.63210136,44495.009860028025
73633300.73337477,40410.41586755002
4593212545.578539,40056.0020178079
73090557.69236904,46571.21429401392
4885173348.257997,38850.30461161753
3098175072.3379583,40278.87394661052
1533335154.0891435,43399.62377023506
4593212545.578539,40056.0020178079
73090557.69236904,46571.21429401392
3098175072.3379583,40278.87394661052
1320965223.8473542,42578.09441536109
4610740528.564414,33999.55295399091
4593212545.578539,40056.0020178079
73090557.69236904,46571.21429401392
3098175072.3379583,40278.87394661052
1320965223.8473542,42578.09441536109
4610740528.564414,33999.55295399091
4604638927.5816345,36716.78682071487
160737738.08473724,45739.27982684434
4609593964.463968,34097.10213641086
73090557.69236904,46571.21429401392
1320965223.8473542,42578.09441536109
73543543.85379386,46531.78118477365
302501807.11357194,42717.89857015639
4608495452.972236,33931.27355435423
1374017519.1600587,36377.8540094718
132708697.1374225,44885.91829871112
73090557.69236904,46571.21429401392
1320965223.8473542,42578.09441536109
73543543.85379386,46531.78118477365
4608495452.972236,33931.27355435423
1374017519.1600587,36377.8540094718
1371436939.0157678,36847.24857548737
130506182.30419785,44883.30249881328
199263527.41951352,42686.55678231385
73090557.69236904,46571.21429401392
4608495452.972236,33931.27355435423
90355436.33937466,35748.37173295673
73254965.75741297,46511.67597607058
73851422.33072561,46295.84749688276
73090557.69236904,46571.21429401392
4608495452.972236,33931.27355435423
90355436.33937466,35748.37173295673
73254965.75741297,46511.67597607058
73851422.33072561,46295.84749688276
69612476.8999396,46646.6612826676
91777491.89642888,35667.480658263295
73090557.69236904,46571.21429401392
69612476.8999396,46646.6612826676
74586733.5095787,33136.449345585155
73235345.10094196,46234.43239836573
73090557.69236904,46571.21429401392
69612476.8999396,46646.6612826676
74586733.5095787,33136.449345585155
73235345.10094196,46234.43239836573
69445181.35649759,46699.51635143422
72850763.04088664,46581.74218420729
73476574.03354663,46223.9181852833
74586733.5095787,33136.449345585155
73235345.10094196,46234.43239836573
73476574.03354663,46223.9181852833
71717299.92435521,46235.26535433878
68127021.75300539,46497.0646331863
73476574.03354663,46223.9181852833
71717299.92435521,46235.26535433878
68127021.75300539,46497.0646331863
74572651.19261688,33136.05756223314
69276588.72382385,46286.03522214963
73104268.6746915,46230.161947893925
71717299.92435521,46235.26535433878
74572651.19261688,33136.05756223314
69276588.72382385,46286.03522214963
66886508.77150273,46314.09536998925
73075181.3709051,46218.35467910993
74572651.19261688,33136.05756223314
69839348.29479182,35977.092710018376
66346454.53371698,46268.496597145095
74572651.19261688,33136.05756223314
69839348.29479182,35977.092710018376
66346454.53371698,46268.496597145095
74674111.65296328,33101.70346506958
74674111.65296328,33101.70346506958
66162308.88775569,33123.93448545982
66162308.88775569,33123.93448545982
74587047.15456384,33101.06144843387
75070397.73102468,32965.11020792696
66162308.88775569,33123.93448545982
75070397.73102468,32965.11020792696
75070799.93922818,32964.986367931124
66714020.57105571,33043.28666562516
75070397.73102468,32965.11020792696
75070799.93922818,32964.986367931124
75184046.8710689,32953.3070960601
65900314.901867926,33013.95311450878
78935412.66540146,32873.90613926525
75070397.73102468,32965.11020792696
75070799.93922818,32964.986367931124
75184046.8710689,32953.3070960601
65782905.73027742,33010.814473811406
76802597.66356087,32826.487756891554
75324519.96998984,32951.03938494044
75184046.8710689,32953.3070960601
65782905.73027742,33010.814473811406
75324519.96998984,32951.03938494044
75066204.73555559,32964.784089240056
76554374.3620736,32874.92028359571
76734897.6307993,32786.50025808094
72646834.03436106,32964.836086405296
67627132.35413295,33009.70835721651
125168360.40621531,40280.00317468435
4939583322.501472,35182.61810927878
3145913442.5045743,35347.32595056543
1590643504.40904,36641.08993086756
125168360.40621531,40280.00317468435
3145913442.5045743,35347.32595056543
1378291429.721187,36401.80450018198
4673827038.41313,31287.069999524567
125168360.40621531,40280.00317468435
1301163563.7658625,34851.67395182318
1688590202.4527364,34795.06444087048
2792283733.3523865,29379.552099789402
2792283733.3523865,29379.552099789402
108658089.4792338,29436.74593350224
2792283733.3523865,29379.552099789402
108658089.4792338,29436.74593350224
55810387.67572451,40200.205060414555
87346997.0868684,29626.477952403115
2792283733.3523865,29379.552099789402
108658089.4792338,29436.74593350224
87346997.0868684,29626.477952403115
51067888.49870694,40138.17793886621
2792283733.3523865,29379.552099789402
108658089.4792338,29436.74593350224
86116052.17815143,29563.57682436081
4369993228.221358,29347.561533630666
48797499.43350524,40058.00798492431
2792283733.3523865,29379.552099789402
108658089.4792338,29436.74593350224
86116052.17815143,29563.57682436081
4366263452.877905,29245.71360588574
2792147006.849867,29402.206199596443
86068417.03168976,29600.759525121943
86326055.70601279,29554.84121954444
48506095.269593894,40034.275578309935
2792283733.3523865,29379.552099789402
86116052.17815143,29563.57682436081
4366263452.877905,29245.71360588574
86326055.70601279,29554.84121954444
48506095.269593894,40034.275578309935
95309270.19332266,29395.860080724608
49208961.85082573,34859.88477576268
2840729613.3575544,29260.444433465633
86046488.3825081,29567.160488509915
48506095.269593894,40034.275578309935
75363217.63831806,28871.557366940193
48874534.766203046,34845.16495191889
48506095.269593894,40034.275578309935
48874534.766203046,34845.16495191889
75330984.5429725,28868.9455346736
53877275.90002954,33062.258167994056
48874534.766203046,34845.16495191889
75330984.5429725,28868.9455346736
53877275.90002954,33062.258167994056
75329670.64813387,28874.027088462164
51539743.804578185,33089.36091066961
75353137.5588103,28868.10880758799
44776905.50580078,34932.716504812925
75330984.5429725,28868.9455346736
75329670.64813387,28874.027088462164
75353137.5588103,28868.10880758799
44776905.50580078,34932.716504812925
85136937.03557187,28645.208650363584
50062277.23558831,32364.936791908098
45552803.18693262,33196.25463034013
75332917.11650753,28868.66870970255
44229621.390428424,34752.88401721553
85623782.11123419,28638.58758438777
75145949.46979809,28873.62066925838
50143872.82699901,32360.262107138362
45552803.18693262,33196.25463034013
44948485.30757493,34610.16649738281
85136937.03557187,28645.208650363584
75365372.5136168,28866.356251545847
50062277.23558831,32364.936791908098
75320682.16135943,28870.42126557402
44229621.390428424,34752.88401721553
85623782.11123419,28638.58758438777
75122628.85653275,28868.99081323447
50143872.82699901,32360.262107138362
45552803.18693262,33196.25463034013
44948485.30757493,34610.16649738281
78927508.00332284,28763.96654558366
49089272.84402996,32627.328544929285
85136937.03557187,28645.208650363584
75365372.5136168,28866.356251545847
44229621.390428424,34752.88401721553
75122628.85653275,28868.99081323447
50143872.82699901,32360.262107138362
78927508.00332284,28763.96654558366
85136937.03557187,28645.208650363584
85152296.87220013,28644.941886353925
49075375.65628517,32614.96780415972
44520204.399158835,33160.482108387674
85543786.2802651,28637.48479506465
75307674.70778573,28864.969766055787
85543786.2802651,28637.48479506465
44229621.390428424,34752.88401721553
57089686.650126696,32257.614465808645
74940776.00901312,28878.08629510212
44520204.399158835,33160.482108387674
50143872.82699901,32360.262107138362
47755475.61217201,32621.06493218969
84229591.0394975,28649.065654254508
78927508.00332284,28763.96654558366
75927082.98486578,28856.032168647973
44105814.66170776,34765.7030136775
84366692.90826082,28634.933997777596
57089686.650126696,32257.614465808645
74678354.62261593,28943.814867033936
44520204.399158835,33160.482108387674
44229621.390428424,34752.88401721553
47634680.88916087,32558.54377421741
78927508.00332284,28763.96654558366
50032889.597376764,32357.310630971835
84229591.0394975,28649.065654254508
44105814.66170776,34765.7030136775
84366692.90826082,28634.933997777596
55969031.690119565,32244.081120124607
74678354.62261593,28943.814867033936
44520204.399158835,33160.482108387674
44229621.390428424,34752.88401721553
78879880.38153493,28753.822196840527
47634680.88916087,32558.54377421741
50032889.597376764,32357.310630971835
44590926.94741464,33128.33075803403
85212254.60792339,28620.82234117147
43875675.5450021,34757.229763349285
55012834.548873305,32202.690190792287
74641046.75266117,28946.970176376388
78689645.49751556,28746.56899305521
44229621.390428424,34752.88401721553
44520204.399158835,33160.482108387674
47634680.88916087,32558.54377421741
50032889.597376764,32357.310630971835
84366692.90826082,28634.933997777596
144902182.690327,39329.22999541895
3162775551.275786,34244.881303684764
1608911587.1026173,35650.15595266552
144902182.690327,39329.22999541895
3162775551.275786,34244.881303684764
1396282290.993865,35451.38569384637
4695376322.446687,31023.994008094625
144902182.690327,39329.22999541895
4695376322.446687,31023.994008094625
4466869606.0362015,32833.9477965421
120247259.94194514,42798.91202471242
2783116599.4086633,33826.979320628445
1249939034.3745904,34498.31828261416
144902182.690327,39329.22999541895
4695376322.446687,31023.994008094625
4466869606.0362015,32833.9477965421
120247259.94194514,42798.91202471242
2783116599.4086633,33826.979320628445
1111660763.803615,34198.785561712866
273935997.8838396,39196.94569594739
144902182.690327,39329.22999541895
4466869606.0362015,32833.9477965421
120247259.94194514,42798.91202471242
1111660763.803615,34198.785561712866
273935997.8838396,39196.94569594739
4637982433.0665865,28659.4269520409
1112556482.2207398,34173.87300840907
143941054.2089333,39332.67769875658
1130376117.9434056,33184.57635241974
4466869606.0362015,32833.9477965421
1111660763.803615,34198.785561712866
4637982433.0665865,28659.4269520409
1112556482.2207398,34173.87300840907
4470490188.843255,32680.72047036868
143292732.2801516,39195.328628405114
1111574342.2949705,34263.038799299786
4637006465.675125,29533.14942888762
1123425837.8299937,33171.294303482646
120181937.45980436,42781.10565067747
4637982433.0665865,28659.4269520409
4470490188.843255,32680.72047036868
143292732.2801516,39195.328628405114
1108539068.6600819,34148.114280518275
4636430551.025174,28812.821733297278
118792623.25294864,42706.66598395128
1109269525.432581,32809.18342921417
4637982433.0665865,28659.4269520409
4636430551.025174,28812.821733297278
1109269525.432581,32809.18342921417
104428697.89102066,33008.06444364315
33533525.733930588,37479.585792816724
1210909108.7672472,32787.899162325826
4461378465.801823,29306.47740001545
4637982433.0665865,28659.4269520409
4636430551.025174,28812.821733297278
311026244.5804666,29132.579370939522
31449112.40304649,37079.006821998155
87642064.97991145,29376.248661514714
4637982433.0665865,28659.4269520409
31449112.40304649,37079.006821998155
87642064.97991145,29376.248661514714
29807272.394612014,37564.78091427754
4626478244.786831,28681.716017843217
97942746.31756175,28892.599680757645
31449112.40304649,37079.006821998155
87642064.97991145,29376.248661514714
29807272.394612014,37564.78091427754
32904558.353384733,36783.5646591599
4626138250.692118,27204.602622726256
33810278.788541734,36453.659912284165
85719687.92630517,31114.625123172344
97184145.28232157,28796.29790790241
31449112.40304649,37079.006821998155
87642064.97991145,29376.248661514714
32904558.353384733,36783.5646591599
4626138250.692118,27204.602622726256
33810278.788541734,36453.659912284165
85719687.92630517,31114.625123172344
36302247.783341885,34848.30090212238
96420740.9461233,28762.544699721908
75129929.97017455,31495.73559322445
29243691.34500301,37150.47653917891
29243691.34500301,37150.47653917891
4626138250.692118,27204.602622726256
88765417.10587901,28109.165882700017
4625927715.272907,27212.636540202962
74931033.57929397,31490.83736362028
36302247.783341885,34848.30090212238
87579285.81496936,29371.63330825293
33810278.788541734,36453.659912284165
85747732.95225704,30630.89636760628
36110078.69345623,34863.377418982025
29193063.390464664,37196.39586268692
4626138250.692118,27204.602622726256
88765417.10587901,28109.165882700017
4624774162.632823,27229.268565116654
33176923.882125378,34772.017063404186
74931033.57929397,31490.83736362028
29243691.34500301,37150.47653917891
77123750.73703706,30573.897642796095
87579285.81496936,29371.63330825293
87902723.00882721,29324.28177287216
4626138250.692118,27204.602622726256
4624774162.632823,27229.268565116654
33176923.882125378,34772.017063404186
73081088.95420814,31383.96730311509
87345536.22037488,27673.61491680642
28671231.504718006,37139.39195592908
76259864.58171129,29265.127106435575
4626138250.692118,27204.602622726256
28671231.504718006,37139.39195592908
89248808.45151418,27292.104640437847
4624774162.632823,27229.268565116654
70487136.68259847,29537.783949267556
33176923.882125378,34772.017063404186
29052727.52412206,37133.24255463528
32514988.09040165,34776.659977724834
76259864.58171129,29265.127106435575
87345536.22037488,27673.61491680642
26999847.410337567,37143.29454514958
4625669507.838869,27182.969894105194
237094191.0637827,27240.044698621066
4624774162.632823,27229.268565116654
31949105.9641757,34680.79162852879
70487136.68259847,29537.783949267556
28672033.895546973,35615.33484431286
87345536.22037488,27673.61491680642
76259864.58171129,29265.127106435575
28671231.504718006,37139.39195592908
4630531649.756114,26707.067974059508
26850842.131189764,37191.885596198306
237094191.0637827,27240.044698621066
4624774162.632823,27229.268565116654
31711790.09181559,34678.09363455004
70487136.68259847,29537.783949267556
28556802.071969748,35612.7191361734
87345536.22037488,27673.61491680642
85984778.77758044,28645.084937004125
26999847.410337567,37143.29454514958
26850842.131189764,37191.885596198306
4628236577.343719,26704.744119972635
4624353504.898105,27234.46664527
237504867.4887159,27239.272117381304
31959722.21738231,33307.902727367844
70401911.7269423,29538.313952351047
28389135.19150567,35585.38247841719
31711790.09181559,34678.09363455004
87345536.22037488,27673.61491680642
26999847.410337567,37143.29454514958
26850842.131189764,37191.885596198306
31959722.21738231,33307.902727367844
28389135.19150567,35585.38247841719
31711790.09181559,34678.09363455004
87345536.22037488,27673.61491680642
26999847.410337567,37143.29454514958
41097348.25437015,32855.61488349535
27040337.772447467,35710.34264648689
67778597.55949199,29413.646737280862
214386115.44143236,26495.43519162524
141269655.93299776,42708.40825029396
3160873892.1563797,37524.31570558557
1607337628.3629916,39041.09667744486
141269655.93299776,42708.40825029396
3160873892.1563797,37524.31570558557
1394292676.5521235,38833.90465255517
4688291296.958471,34527.777776904055
141269655.93299776,42708.40825029396
1317008038.6873388,37099.2998364026
2806612038.8261805,32780.53840690297
141269655.93299776,42708.40825029396
2806612038.8261805,32780.53840690297
2805840260.7136354,32824.059612323326
337803098.1462529,34445.13896585145
285490456.4699875,35717.03852357884
141269655.93299776,42708.40825029396
2806612038.8261805,32780.53840690297
2805840260.7136354,32824.059612323326
337803098.1462529,34445.13896585145
285490456.4699875,35717.03852357884
528736000.203187,33009.34145728857
204259156.11364436,37338.56303260047
158035913.02240288,39296.78076800935
141269655.93299776,42708.40825029396
158035913.02240288,39296.78076800935
174767798.59703076,32857.08808094362
169598741.4465493,39230.044065806505
217537461.3639853,30289.42288277115
97303410.41742676,30250.500370275757
97303410.41742676,30250.500370275757
90750740.66112345,37836.984785836554
96752105.10026366,30229.289660913688
96752105.10026366,30229.289660913688
69371195.43578166,36380.11056710601
62171758.54169285,42627.627487925885
91498330.56673205,35602.79730803138
171941371.13195968,30197.209740158152
95621184.97952467,34084.045360687
96236604.75679374,32548.029803609606
96752105.10026366,30229.289660913688
69371195.43578166,36380.11056710601
62171758.54169285,42627.627487925885
171941371.13195968,30197.209740158152
96236604.75679374,32548.029803609606
69602064.46033156,33761.4764980168
69337660.078309,36380.91637418154
96265656.82520449,32453.20817057074
62171758.54169285,42627.627487925885
171941371.13195968,30197.209740158152
69602064.46033156,33761.4764980168
67182838.90981829,35791.99191520642
96708093.25662625,30220.916198614166
95020596.7230776,32393.514844172238
96119551.43918645,30761.415400103022
170284977.5643946,30202.08357247889
171941371.13195968,30197.209740158152
62171758.54169285,42627.627487925885
170284977.5643946,30202.08357247889
96708093.25662625,30220.916198614166
62271230.12990302,37873.14596337722
68858750.45631021,33409.93568510842
67182838.90981829,35791.99191520642
95020596.7230776,32393.514844172238
96048363.26181704,30766.204581326314
95044544.99826741,32391.193684874503
171941371.13195968,30197.209740158152
62029276.02062094,37906.19899798052
68858750.45631021,33409.93568510842
98606301.60514206,30214.82280618781
170284977.5643946,30202.08357247889
94732260.11856568,32390.302867477258
68450648.59527612,35766.64738807705
65034028.99123603,35985.99901358292
62271230.12990302,37873.14596337722
96048363.26181704,30766.204581326314
98606301.60514206,30214.82280618781
94732260.11856568,32390.302867477258
96048363.26181704,30766.204581326314
59805831.08260858,34670.07351658877
99322751.57052934,29831.365507490325
67678448.40268797,33258.716916337726
98606301.60514206,30214.82280618781
94732260.11856568,32390.302867477258
99322751.57052934,29831.365507490325
66886577.533753335,33255.14570689284
95975270.7664243,30520.976240429314
95456112.94374299,32384.29631140214
53967180.4179188,34497.96609059017
108977839.24200618,29700.84799241307
98606301.60514206,30214.82280618781
99322751.57052934,29831.365507490325
66886577.533753335,33255.14570689284
68144610.89236605,33163.077525509514
92683958.0096572,30507.021314183785
99192689.18572426,29841.594812545514
108590774.32184291,29685.773231826337
97331550.83047563,30306.62041193162
53806417.557359874,34491.383292135346
92683958.0096572,30507.021314183785
53806417.557359874,34491.383292135346
97181700.11576164,30253.907535503356
66800697.081623435,33159.15665392744
98428914.13223124,29437.684351303087
94130263.03502,30306.347961602685
53806417.557359874,34491.383292135346
66800697.081623435,33159.15665392744
97316448.76550925,30058.75711459977
54879185.47977495,34321.103662626636
98352618.49039501,29436.158284039706
91868653.17883998,30199.04065641969
53806417.557359874,34491.383292135346
66800697.081623435,33159.15665392744
97316448.76550925,30058.75711459977
54879185.47977495,34321.103662626636
98352618.49039501,29436.158284039706
91868653.17883998,30199.04065641969
97434044.1142056,29740.345327343053
90072611.2612949,30520.129438819196
89764060.80526721,31077.760681595355
[1.55559693e+08],41769.819279328
[3.17571219e+09],36461.07013307292
[1.61608843e+09],38082.06789126511
[1.55559693e+08],41769.819279328
[3.17571219e+09],36461.07013307292
[1.4029683e+09],37891.26657573182
[4.70157755e+09],34040.06800396269
[1.55559693e+08],41769.819279328
[3.17571219e+09],36461.07013307292
[1.4029683e+09],37891.26657573182
[4.70157755e+09],34040.06800396269
[1.96090585e+08],39152.68964508266
[1.30118057e+09],38832.295342065656
[2.8013621e+09],36611.202534121716
[4.70151026e+09],34039.02769507362
[98522925.52970034],34133.94079053388
[98522925.52970034],34133.94079053388
[3.16620245e+09],31672.362589501805
[98522925.52970034],34133.94079053388
[3.16620245e+09],31672.362589501805
[85903545.30557364],35477.771405884174
[3.0832477e+09],31672.736594553877
[98522925.52970034],34133.94079053388
[2.27235047e+08],31199.03773141475
[85803476.50092518],35457.939381580785
[1.03994012e+08],34018.40556508694
[98522925.52970034],34133.94079053388
[2.27235047e+08],31199.03773141475
[1.03994012e+08],34018.40556508694
[1.36474055e+08],31331.522787215676
[2.28731462e+08],30318.920855711785
[85750993.33592898],35454.14075814573
[98522925.52970034],34133.94079053388
[1.03994012e+08],34018.40556508694
[85750993.33592898],35454.14075814573
[96430118.42854863],34197.9293585948
[1.07647016e+08],30006.728927264052
[98522925.52970034],34133.94079053388
[96430118.42854863],34197.9293585948
[84291591.99633116],35448.15593932592
[1.00410088e+08],30013.643660622933
[96543664.23109072],34189.96788954311
[1.03877411e+08],29949.64416419918
[84537818.63348186],34472.28951236627
[2.30633251e+08],29637.005416774286
[1.00410088e+08],30013.643660622933
[1.03877411e+08],29949.64416419918
[2.30633251e+08],29637.005416774286
[80949929.33055353],30111.776049719163
[1.17706891e+08],29904.935716012842
[1.00410088e+08],30013.643660622933
[1.03877411e+08],29949.64416419918
[2.30633251e+08],29637.005416774286
[1.17706891e+08],29904.935716012842
[2.27442463e+08],29637.359706218016
[71617243.32208103],30082.41398813587
[1.04128845e+08],29873.374237946817
[98716721.99704963],29903.95720451164
[1.17668751e+08],29393.51442790374
[71498781.1243555],30076.787939037775
[1.04128845e+08],29873.374237946817
[98716721.99704963],29903.95720451164
[68755084.03318435],30055.38508830105
[1.04908744e+08],29383.551573433844
[1.06567819e+08],29199.537573459496
[1.04908744e+08],29383.551573433844
[1.06567819e+08],29199.537573459496
[1.06296379e+08],29312.474843486834
[72123591.88125789],29436.180800852726
[68753754.51164335],30055.32811898755
[1.10891635e+08],28051.053373295046
[72123591.88125789],29436.180800852726
[68753754.51164335],30055.32811898755
[1.10891635e+08],28051.053373295046
[72736091.63474125],29430.967643946777
[96861217.77053148],28075.361413987048
[68753754.51164335],30055.32811898755
[1.10891635e+08],28051.053373295046
[70199701.5305196],28115.985887343566
[77065251.10208458],28055.76315053154
[69200909.31956637],29472.539623237622
[69200909.31956637],29472.539623237622
[68820576.45837712],30040.997018850376
[69752296.38578963],27834.9086093959
[69131509.36821932],29487.59792759735
[70268014.65280968],27722.477313235595
[68743042.56908804],30046.619396958427
[69752296.38578963],27834.9086093959
[70268014.65280968],27722.477313235595
[68147495.67441744],28979.27237678198
[68464642.59827036],28000.434743720372
[69752296.38578963],27834.9086093959
[70268014.65280968],27722.477313235595
[68464642.59827036],28000.434743720372
[69754631.52130383],27834.637703746073
[67910202.8343367],28907.01465697357
[69931070.752159],27747.356341293154
[68444186.73814076],28319.683080403305
